Company name,Street address,Location,Region,,
22630 Haggerty Rd Asc LLC,22670 Haggerty Road,Farmington Hills,MI ,,
Harry Hamman,225 Country Club Road,Front Royal,VA ,,
Compton Tree Service & Yard Care,208 E 16th Street,Front Royal,VA ,,
Noah's Ark Pet Grooming,10269 Winchester Road,Front Royal,VA ,,
New Hope Bible Church,80 N Lake Avenue,Front Royal,VA ,,
Cheri R Martinez,258 Anamaria Lane,Front Royal,VA ,,
Xpress Travel And Vacations,157 Rawley Ridge Drive,Front Royal,VA ,,
Gooney Creek Campgrounds,7122 Stonewall Jackson Highway,Front Royal,VA ,,
Art Riverbend & Design,383 Liberty Hall Road,Front Royal,VA ,,
Aunt Sandy's Diner,107 Water Street,Front Royal,VA ,,
Almost Home Rentals LLC,28 Portsmouth Road,Front Royal,VA ,,
MT Nebo Baptist Church,792 Loop Road,Front Royal,VA ,,
Dancers Way,6047 Panhandle Road,Front Royal,VA ,,
Visionary Optics,1325 Progress Drive,Front Royal,VA ,,
Hearing Aid Service,11 Water Street,Front Royal,VA ,,
Front Royal Planning Dept,16 N Royal Avenue,Front Royal,VA ,,
Christ Church,1602 Strasburg Road,Front Royal,VA ,,
B & B Excavating,2554 Shenandoah Shores Road,Front Royal,VA ,,
Jim Bo's,1411 N Shenandoah Avenue,Front Royal,VA ,,
Golden Blends Bbq, LLC,82 Highland Park Lane,Front Royal,VA ,
Budget Self Storage,506 E Main Street,Front Royal,VA ,,
Payne Supply Inc,307 N Commerce Avenue,Front Royal,VA ,,
Collins, Judy A, D P M Pc,123 W 6th Street,Front Royal,
Pro Video Services,402 W Main Street,Front Royal,VA ,,
Premier Consulting,355 High Point Court,Front Royal,VA ,,
Rivers West Bar Bq LLC,210 S Shenandoah Avenue,Front Royal,VA ,,
Hill's Concrete & Landscaping,1859 Drummer Hill Road,Front Royal,VA ,,
Simonpietri's Pawn Shop,528 S Royal Avenue,Front Royal,VA ,,
Warren County School Age Child,231 Chester Street,Front Royal,VA ,,
Keatts, Amanda,1729 N Shenandoah Avenue,Front Royal,VA ,
Remount Enterprises LLC,3925 Remount Road,Front Royal,VA ,,
St John's Catholic Church,120 W Main Street,Front Royal,VA ,,
Dr. Aswad Bukir MD,1000 N Shenandoah Avenue,Front Royal,VA ,,
Backward Glance,336 Cherrydale Avenue,Front Royal,VA ,,
Clayton & Associates,100 Peyton Street,Front Royal,VA ,,
Double Dot Enterprises Inc,289 Timber Ridge Drive,Front Royal,VA ,,
Michelles Cleaning Serv,1589 Hillandale Road,Front Royal,VA ,,
Kid's Place,606 Massanutten Avenue,Front Royal,VA ,,
Gelles & Sons Gen Contracting,508 Kendrick Lane,Front Royal,VA ,,
Rex Electric,378 Thunder Road,Front Royal,VA ,,
Country Home Mortgage,621 S Royal Avenue,Front Royal,VA ,,
Silva Research Writers,57 Deer Trail Road,Front Royal,VA ,,
Eaton Motor Sales,38 Andrews Road,Front Royal,VA ,,
Subsidium Inc,17 Church Street,Front Royal,VA ,,
Regal Nails Salon & Spa,10 Riverton Commons Drive # 5105,Front Royal,VA ,,
One Stop Carpet & Paint,327 N Royal Avenue,Front Royal,VA ,,
D Langfitt Inc,,Front Royal,VA ,,
Burke & Son Landscaping Company, Inc , Wm,215 Wilson Burke Road,Front Royal,
Shenandoah Valley Ob/Gyn,120 N Commerce Avenue,Front Royal,VA ,,
Dr. Abramson Douglas F MD,,Front Royal,VA ,,
Gospel Temple Church,46 W J Street,Front Royal,VA ,,
Kenneth E Guin,253 Fox Hill Road,Front Royal,VA ,,
Here-4-You,109 E 6th Street,Front Royal,VA ,,
Able Forces,115 Chester Street # B,Front Royal,VA ,,
Arthi Marti DDS,841 N Shenandoah Avenue # 1,Front Royal,VA ,,
The Belisarius Monastery Of Our Lord Jesus Christ Philanthropos,1347 Robinhood Lane Apartment 10,Front Royal,VA ,,
Frame Trucking,213 Leach Street,Front Royal,VA ,,
Jim Morris Inc,255 Mccoys Ford Road,Front Royal,VA ,,
Freedom Chapel Christian,1107 Monroe Avenue,Front Royal,VA ,,
Ups Freight,620 Fairground Road,Front Royal,VA ,,
Wftr,838 Bowling Green Road,Front Royal,VA ,,
Midway Service Center,514 N Commerce Avenue,Front Royal,VA ,,
Highlander Horses,5197 Reliance Road,Front Royal,VA ,,
American Metalworks,330 Steed Lane,Front Royal,VA ,,
Colton's Plumbing,1015 Mccoys Ford Road,Front Royal,VA ,,
Iwsbrgnet,999 Shenandoah Shores Road # A,Front Royal,VA ,,
Brotherhood Of Railroad Signalmen Gc 0036,917 Shenandoah Shores Road,Front Royal,VA ,,
Ritter Well Drilling,212 Bowling Green Road,Front Royal,VA ,,
Tweedie Enterprises LLC,98 Royal Oak Road,Front Royal,VA ,,
Shenandoah Medical Associ,625 Virginia Avenue,Front Royal,VA ,,
Six Voices Farm,605 Shannon Woods Drive,Front Royal,VA ,,
Lux Instrument Co,89 Billy Mitchell Drive,Front Royal,VA ,,
Searchlight Direct Inc,484 Creek Road,Front Royal,VA ,,
C & S Welding & Fabrication,609 N Royal Avenue,Front Royal,VA ,,
B K Haynes Corp,501 S Royal Avenue,Front Royal,VA ,,
Aromatic Creations,,Front Royal,VA ,,
Better Thymes Natural Foods,417 South Street,Front Royal,VA ,,
Autozone,201 N Royal Avenue,Front Royal,VA ,,
Donald A Burke Jr,,Front Royal,VA ,,
John Michael Photo Studio,840 John Marshall Highway,Front Royal,VA ,,
Rutherford, Bobby,1220 N Royal Avenue,Front Royal,VA ,
Water Pump Services,,Front Royal,VA ,,
P C Primedoc Of Front Royal Attorney,,Front Royal,VA ,,
R & D Roofing,,Front Royal,VA ,,
Sleepy's LLC,,Front Royal,VA ,,
Usa Motors International, Incorporated,,Front Royal,VA ,
Kie Law Plc,,Front Royal,VA ,,
Megaton Surplus Equipment Sales, Inc,,Front Royal,VA ,
All Valley Bail Bonding,,Front Royal,VA ,,
Sterling Dental Lab Inc,,Front Royal,VA ,,
Lee Custom Tailors,117 N Royal Avenue Apartment 3,Front Royal,VA ,,
Wagoner's Plumbing,20 Water Street,Front Royal,VA ,,
Smelser Plumbing,56 Short Turn Court,Front Royal,VA ,,
Robinsoncpa, LLC,,Front Royal,VA ,
Crim's Trailer Sales,214 S Commerce Avenue,Front Royal,VA ,,
Enviro Tech Pest Services,,Front Royal,VA ,,
Blue Ridge Arts Council Inc,,Front Royal,VA ,,
Christopher Mcmahon,,Front Royal,VA ,,
Dolly J Mason Living T,,Front Royal,VA ,,
Yardscapes & Supplies,265 Steep Hill Road,Front Royal,VA ,,
Ramsey True Value Hardware,221 E Main Street,Front Royal,VA ,,
Icon Construction LLC,133 N Royal Avenue,Front Royal,VA ,,
Jacob Lincoln Foundation,4142 Guard Hill Road,Front Royal,VA ,,
Country Mini Storage,137 Silas Lane,Front Royal,VA ,,
Wild Hare Fiber Studio, LLC,330 Virginia Avenue,Front Royal,VA ,
Kineth I Brown,107 Fern Trail Way,Front Royal,VA ,,
Raleigh Edward Kraft Jr,4768 Reliance Road,Front Royal,VA ,,
Valley Health Accounts Payable,42 Westminster Drive,Front Royal,VA ,,
Habib Victor,54 Chester Street,Front Royal,VA ,,
Jeffrey Mauck,2052 Kendrick Ford Road,Front Royal,VA ,,
Lewellyn Vicky,811a N Royal Avenue,Front Royal,VA ,,
Herman M Vohs Jr,882 Rocky Lane,Front Royal,VA ,,
Warren County Public Schools,320 E Criser Road,Front Royal,VA ,,
Dr. Alan J Fink MD,56 Chester Street,Front Royal,VA ,,
Dr. G R Subedi MD,625 Virginia Avenue,Front Royal,VA ,,
Brotherhood-Railroad Signalmen,917 Shenandoah Shores Road,Front Royal,VA ,,
Shenandoah Motel,1600 N Shenandoah Avenue,Front Royal,VA ,,
Stonebridge Farm,203 Milldale Hollow Road,Front Royal,VA ,,
Campbell, Raymond,Mount Height Road,Front Royal,VA ,
Mark's Hardwood Floor CO,,Front Royal,VA ,,
Chilly Willy Debergh,108 Salem Avenue,Front Royal,VA ,,
Shenandoah Foot & Ankle Center,840 John Marshall Highway # D,Front Royal,VA ,,
Shenandoah Medical Assoc,625 Virginia Avenue,Front Royal,VA ,,
Dr. Nancy T Kenney MD,842 N Shenandoah Avenue,Front Royal,VA ,,
Skyline Printers & Publishers,117 N Royal Avenue,Front Royal,VA ,,
Chris Holloway Construction,216 E Main Street,Front Royal,VA ,,
York, Ronald C DO,1000 N Shenandoah Avenue,Front Royal,VA ,
Dr. Tamara Deni Glover MD,140 W 11th Street,Front Royal,VA ,,
Padua Crafts,,Front Royal,VA ,,
Northern Shenandoah Valley Regional Commission,400 Kendrick Lane # E,Front Royal,VA ,,
Dr. Mark E Levinson MD,1077 N Shenandoah Avenue,Front Royal,VA ,,
Dr. James C Jarrell MD,209 W Criser Road,Front Royal,VA ,,
Fleming Brothers Inc,31 Zion Church Road,Front Royal,VA ,,
B & H Machine Wo,508 Kendrick Lane,Front Royal,VA ,,
J & M Catering,1888 Blue Mountain Road,Front Royal,VA ,,
Dr. Chi Gene Young MD,140 W 11th Street,Front Royal,VA ,,
John Lake Paving CO Inc,3766 Guard Hill Road,Front Royal,VA ,,
Balent-Young Publishing Inc,951 Poca Bella Drive,Front Royal,VA ,,
Douglas C Arthur Attorney,106 Chester Street,Front Royal,VA ,,
Arena, Nicholas F & Leticia V Arena,,Front Royal,VA ,
Verizon Wireless,1515 N Shenandoah Avenue,Front Royal,VA ,,
Snack Shack,,Front Royal,VA ,,
Tice Engineering,,Front Royal,VA ,,
Shenandoah Valley Orthodotiics,920 N Shenandoah Avenue # 2,Front Royal,VA ,,
Hcr Hardwood Floors, Inc,,Front Royal,VA ,
The Vault Cafe LLC,,Front Royal,VA ,,
Arico Systems Ltd,,Front Royal,VA ,,
Wilcohess LLC,,Front Royal,VA ,,
Ht Capital Corp,,Front Royal,VA ,,
H N Funkhouser & CO,206 S Commerce Avenue,Front Royal,VA ,,
Vision Business Solutions,,Front Royal,VA ,,
Property Management Plus LLC,201 E Main Street # 1c,Front Royal,VA ,,
Warren County Health Dept,134 Peyton Street,Front Royal,VA ,,
Guard Hill Storage,,Front Royal,VA ,,
Family Convenience 5,,Front Royal,VA ,,
P&C Home Enterprises LLC,,Front Royal,VA ,,
Council On Nutrition Of The American Chiropractic Association,,Front Royal,VA ,,
Whitney Martha,,Front Royal,VA ,,
Jamal Asif Md,,Front Royal,VA ,,
Joe's Steak House,,Front Royal,VA ,,
Dupont Ei & CO,7961 Winchester Road,Front Royal,VA ,,
Sysco,1000 Baugh Drive,Front Royal,VA ,,
Road Pro Commercial Truck Trng,726 Thunder Road,Front Royal,VA ,,
Humane Society-Warren County,1245 Progress Drive,Front Royal,VA ,,
Audio Visual Service,145 Ridgewood Lane,Front Royal,VA ,,
Earthworks Gallery,137 Whitts Lane,Front Royal,VA ,,
Syntax Communications Inc,987 Auburn Court,Front Royal,VA ,,
Le Hew Well Drilling,139 Water Street,Front Royal,VA ,,
Jack Rabbit Roadside Assistanc,1190 Progress Road,Front Royal,VA ,,
Brown Exterminating Co,81 E Main Street,Front Royal,VA ,,
Shaw Environmental/Infrstrctr,404 Kendrick Lane,Front Royal,VA ,,
Blue Ridge Properties,920 John Marshall Highway,Front Royal,VA ,,
Miller Photography & Digital,314 Jamestown Road,Front Royal,VA ,,
Itsm Resource, LLC,128 Bear Hollow Drive,Front Royal,VA ,
Gooney Bend Farms LLC,684 Poor House Road,Front Royal,VA ,,
A L B Appliance Service LLC,1595 Wakeman Mill Road,Front Royal,VA ,,
Shenandoah Farms Sanitary District,126 E 2nd Street,Front Royal,VA ,,
David Hilton Construction,1384 Mccoys Ford Road,Front Royal,VA ,,
Chamber of Commerce,104 E Main Street,Front Royal,VA ,,
Lynn Care Center,1000 N Shenandoah Avenue,Front Royal,VA ,,
Skyline Insurance Agency, Inc,310 N Commerce Avenue,Front Royal,VA ,
Jacob Photography, Llc, Neal,495 Jocelyne Court,Front Royal,VA 
Warren County School Age Child Care,40 Crescent Street,Front Royal,VA ,,
Lewis Decorating/Cash,1737 Wakeman Mill Road,Front Royal,VA ,,
Copper Forest LLC,210 W 1st Street,Front Royal,VA ,,
Holistic Health Service,1117 N Royal Avenue,Front Royal,VA ,,
A A Bail Bond,306 N Royal Avenue,Front Royal,VA ,,
Royal Cuts,121 E 2nd Street,Front Royal,VA ,,
Caf & Chf Enterprises, LLC,408 W Main Street,Front Royal,VA ,
Weekend Oasis Vacation Rentals LLC,4251 Blue Mountain Road,Front Royal,VA ,,
Shenandoah Design Studios,562 Osprey Lane,Front Royal,VA ,,
Luray Ave Enterprises LLC,730 Luray Avenue,Front Royal,VA ,,
Rch Aquisitions LLC,505 S Royal Avenue,Front Royal,VA ,,
Vino E Formaggio LLC,124 E Main Street,Front Royal,VA ,,
New Eden Photography,1460 Highridge Road,Front Royal,VA ,,
Sport Hill Enterprises Inc,44 Chester Street,Front Royal,VA ,,
Royal Titles Inc,48 Church Street,Front Royal,VA ,,
Front Royal Bp,851 John Marshall Highway,Front Royal,VA ,,
Pacific Minority Supply,1105 N Royal Avenue,Front Royal,VA ,,
Combri Family Partnership,1415 Canterbury Road,Front Royal,VA ,,
Robert Collins Excavating,671 Steed Lane,Front Royal,VA ,,
Advance Auto Parts,28 S Commerce Avenue,Front Royal,VA ,,
H N Funkhouser & CO,202 S Commerce Avenue,Front Royal,VA ,,
Ardent Management Consulting, Inc,205 E Main Street # 1,Front Royal,VA ,
Hope Group LLC,,Front Royal,VA ,,
Franklin Construction,,Front Royal,VA ,,
Durkos Construction,,Front Royal,VA ,,
Woodward Clean Out Services,,Front Royal,VA ,,
Raymond C Grimm,,Front Royal,VA ,,
Diamond Movers,661 Loop Road,Front Royal,VA ,,
Burl Knight,,Front Royal,VA ,,
Dave Maj Feiring,,Front Royal,VA ,,
George L Mcintyre,,Front Royal,VA ,,
Terry Mantz State Farm,8002 Winchester Road # B,Front Royal,VA ,,
A Restaurant By J M Cater,,Front Royal,VA ,,
Shear Elegance Pet Boutique,918 John Marshall Highway,Front Royal,VA ,,
Cakes By Ruth,105 Park Ridge Court,Front Royal,VA ,,
Erin Henry LLC,,Front Royal,VA ,,
Taj Enterprise LLC,,Front Royal,VA ,,
Michelle Davis Photography LLC,,Front Royal,VA ,,
Donald R Petty,,Front Royal,VA ,,
April's Tropical Tanning,840 John Marshall Highway,Front Royal,VA ,,
Geeks on Site,,Front Royal,VA ,,
Ces Renovations LLC,37 Beech Road,Front Royal,VA ,,
Gifts Galore,622 S Royal Avenue,Front Royal,VA ,,
Christendom College,16 Morrison Lane,Front Royal,VA ,,
Andrick's Gift,21 W 6th Street,Front Royal,VA ,,
Garrett's Granny Closet,126 W Criser Road,Front Royal,VA ,,
Vintage Swank LLC,212 E Main Street,Front Royal,VA ,,
Dowe F Albert,Rr 340 S,Front Royal,VA ,,
J W & Associates Appraisals,124 Gloucester Road,Front Royal,VA ,,
American House,400 Kendrick Lane # 100,Front Royal,VA ,,
J & M Carriers, Inc,,Front Royal,VA ,
Joseph J Jakabcin,,Front Royal,VA ,,
John W Huff,,Front Royal,VA ,,
Donald C Derner,,Front Royal,VA ,,
US Post Office,120 E 3rd Street,Front Royal,VA ,,
Andreae, Fred S,25 S Royal Avenue,Front Royal,VA ,
Front Royal Zoning Adm,16 N Royal Avenue,Front Royal,VA ,,
Warren County of Food Service,622 N Commerce Avenue,Front Royal,VA ,,
Mountain Laurel Montessori Sch,155 Biggs Drive,Front Royal,VA ,,
Eddie W Thapre,1 Morain Street,Front Royal,VA ,,
Joseph A Himes Ii,1525 Mallard Place,Front Royal,VA ,,
Henry Middlebrook Sr,820 W 13th Street,Front Royal,VA ,,
Paradise Tanning Isle,1099 N Royal Avenue,Front Royal,VA ,,
Infant And Toddler Connection Of Shenandoah Vall,621 S Royal Avenue,Front Royal,VA ,,
Brian W Alexander Home Maintenance,47 W 18th Street,Front Royal,VA ,,
Wanda J Davis,129 Davis Drive,Front Royal,VA ,,
Re/Max Choice,403 E Main Street,Front Royal,VA ,,
Samuel A Poe,1962 Rivermont Drive,Front Royal,VA ,,
Lockhart Molly,30 Gooney Falls Lane,Front Royal,VA ,,
Charles Windgate Trading,106 Chester Street,Front Royal,VA ,,
Scott Grigsby,844 Ridgeway Road,Front Royal,VA ,,
Horace Mann CO,484 Redmon Lane,Front Royal,VA ,,
Ehrlich,,Front Royal,VA ,,
Earth Resource LLC,50 Riverview Shores Drive,Front Royal,VA ,,
Larry Brellenthin,204 Applewood Drive,Front Royal,VA ,,
Connect II Consulting LLC,565 S River Road,Front Royal,VA ,,
Kitchen Properties LLC,504 Redmon Lane,Front Royal,VA ,,
Paul L Sweeny,308 Rivermont Drive,Front Royal,VA ,,
Jeffery Allan Grim,111 Kendrick Lane,Front Royal,VA ,,
John Shipe Jr,2164b Morgan Ford Road,Front Royal,VA ,,
US Martial Arts Academy,231 South Street # B,Front Royal,VA ,,
At&T Solutions,828 Harmony Hollow Road,Front Royal,VA ,,
Martin's Food Market,409 South Street,Front Royal,VA ,,
US Front Royal Entrance Sta,,Front Royal,VA ,,
Virginia Department Of Rehabilitative Services,37 Water Street,Front Royal,VA ,,
Tlc Settlement LLC,106 Chester Street,Front Royal,VA ,,
Dr. Shannan Green MD,140 W 11th Street,Front Royal,VA ,,
Howellsville United Methodist,510 Hardesty Road,Front Royal,VA ,,
Moore Construction CO,104 Amanda Lane,Front Royal,VA ,,
Thompson Painting,58 Dorn Road,Front Royal,VA ,,
Paytel Communication,8 E Jackson Street,Front Royal,VA ,,
Interbake Foods LLC,100 Baker Plaza,Front Royal,VA ,,
A Beauty Boutique,118 E Main Street,Front Royal,VA ,,
Sheriff's Work Release Program,30 E Jackson Street,Front Royal,VA ,,
Frederick Co Sanitation Authority,130 Crappie Court,Front Royal,VA ,,
Movie Gallery,322 Remount Road,Front Royal,VA ,,
Royal Heating & Ac,,Front Royal,VA ,,
Plamondon Enterprises Inc,130 Riverton,Front Royal,VA ,,
National Zoological Park Center,Rr 522,Front Royal,VA ,,
Fishnet Ministries Inc,391 Fishnet Boulevard,Front Royal,VA ,,
Curfman, Sue,480 S Commerce Avenue # F,Front Royal,VA ,
Wzrv,1106 Elm Street,Front Royal,VA ,,
Little Red Fender,306 South Street,Front Royal,VA ,,
Penske Truck Rental,6951 Winchester Road,Front Royal,VA ,,
Wayne's Auto Repair,1868 N Royal Avenue,Front Royal,VA ,,
Virginia Inland Port,7685 Winchester Road,Front Royal,VA ,,
Bo's Handyman Service,,Front Royal,VA ,,
Harris Builders Inc,1467 Lakeview Drive,Front Royal,VA ,,
Little Rug Rats,620 Virginia Avenue,Front Royal,VA ,,
E W Systems & Devices Inc,,Front Royal,VA ,,
Dulaney Lauer & Thomas,222 S Royal Avenue,Front Royal,VA ,,
Smart Style Family Hair Salon,10 Riverton Commons Drive,Front Royal,VA ,,
Vvs Siding & Seamless Gutters,457 Kendrick Ford Road,Front Royal,VA ,,
Warren County Juror Instrctns,1 E Main Street,Front Royal,VA ,,
West Family Construction,164 Cedar Park Court,Front Royal,VA ,,
Panamerica Computers Inc,205 E Main Street # 2,Front Royal,VA ,,
O'Donnell, Jackie S,1000 N Shenandoah Avenue,Front Royal,VA ,
Dr. Loewith Margaret MD,120 N Commerce Avenue # 230,Front Royal,VA ,,
Pest Management Service,,Front Royal,VA ,,
Sealock Construction,,Front Royal,VA ,,
H & S Excavating,508 Kendrick Lane,Front Royal,VA ,,
Raymond C Kates Law Offices,,Front Royal,VA ,,
Al Cline Enterprises,,Front Royal,VA ,,
Dr. Christoph Richard A MD,315 W 10th Street # 2,Front Royal,VA ,,
Spiewak Sally,Royal Plaza Shopping Center,Front Royal,VA ,,
Fashion Bug,135 Crooked Run Plaza # 120,Front Royal,VA ,,
Bible Literacy Project,1407 Picket Court,Front Royal,VA ,,
K C's Auto Glass,,Front Royal,VA ,,
Valley Roofing Inc,141 Maywood Drive,Front Royal,VA ,,
Vocelli Pizza,135 Crooked Run Plaza # 40,Front Royal,VA ,,
Craig, Aletha,403 E Main Street,Front Royal,VA ,
Front Royal Family Practice P,140 W 11th Street,Front Royal,VA ,,
Damon W Dearment DDS,920 N Shenandoah Avenue # 2,Front Royal,VA ,,
Joseph R Ralls Sr Rev,,Front Royal,VA ,,
Family Thrift Shop,707 E Stonewall Drive,Front Royal,VA ,,
Royal Paint And Flooring,,Front Royal,VA ,,
Hillside Electric,214 Lake Drive,Front Royal,VA ,,
West Fence Co,,Front Royal,VA ,,
Daniel J Pond II Attorney,35 N Royal Avenue,Front Royal,VA ,,
Spaulding & Sly,917 Shenandoah Shores Road,Front Royal,VA ,,
Family Pharmacy Service,303 W 10th Street,Front Royal,VA ,,
Crime Prevention Center,Richmond Va,Front Royal,VA ,,
Shenandoah Residency Program,1000 N Shenandoah Avenue,Front Royal,VA ,,
Checkered Flag of Front Royal,425 S Royal Avenue,Front Royal,VA ,,
Medlens Innovations, LLC,1325 Progress Drive,Front Royal,VA ,
Veterans Of Foreign Wars Post 1860,1847 N Royal Avenue,Front Royal,VA ,,
Front Royal Dialysis Center,1360 N Shenandoah Avenue,Front Royal,VA ,,
Dr. Roger K Westfall MD,140 W 11th Street,Front Royal,VA ,,
Dr. Frederick G Wenzel MD,1077 N Shenandoah Avenue,Front Royal,VA ,,
Ear Nose & Throat Clinic,1420 N Shenandoah Avenue,Front Royal,VA ,,
Maddox Funeral Home Inc,105 W Main Street,Front Royal,VA ,,
Sue's Sewing & Embroidery,201 E Jackson Street # A,Front Royal,VA ,,
Varney Watercolors,416 Creek Road,Front Royal,VA ,,
Henderson's Towing,219 Fletcher Street,Front Royal,VA ,,
Guardian Angel Acadmey,2503 Shenandoah Shores Road,Front Royal,VA ,,
Joy Spring Land Association, Inc,632 Yardbird Lane,Front Royal,VA ,
Pooh S 100 Acre Daycare,23 Running Bear Court,Front Royal,VA ,,
Clean Duck Duct Cleaning,437 Manassas Avenue,Front Royal,VA ,,
Warren Electric & Signal Corp,508 Kendrick Lane # R,Front Royal,VA ,,
C & K Computer Care,1220 Woodside Avenue,Front Royal,VA ,,
Shenandoah Trail Rides Inc,751 Mountain Road,Front Royal,VA ,,
Ridge Line Designs LLC,120 E Main Street,Front Royal,VA ,,
Providence United Methodist Church,1021 Prvdnc D Rr 694,Front Royal,VA ,,
Lloyd Painter,1119 Summit Avenue,Front Royal,VA ,,
Ash Busters Chimney Sweep LLC,195 Scarlet Tanager Lane,Front Royal,VA ,,
Green Clean W Tlc,218 Fletcher Street,Front Royal,VA ,,
Prescience Systems Corp,235 Biggs Drive,Front Royal,VA ,,
Williams Construction Inc,325 Duncan Avenue,Front Royal,VA ,,
Joyce Beymer Realistate,203 Milldale Hollow Road,Front Royal,VA ,,
Royal Palace Cleaners & Lndry,418 Warren Avenue,Front Royal,VA ,,
Virginia Livestock LLC,2796 Rivermont Drive,Front Royal,VA ,,
Warren County Social Service,912 Warren Avenue,Front Royal,VA ,,
Letha King,437 S Royal Avenue # B,Front Royal,VA ,,
C & S Welding,609 N Royal Avenue,Front Royal,VA ,,
Panamerica Computers, Inc,205 E Main Street # 2,Front Royal,VA ,
Catholic Military Organization,264 Taylor Road,Front Royal,VA ,,
Club Radical,1423 River Court,Front Royal,VA ,,
Arthur Megeath Contractors Inc,322 Megeath Farm Lane,Front Royal,VA ,,
James E & Irene T Corr,335 Locust Dale Road,Front Royal,VA ,,
Arleen Brown Antiques,,Front Royal,VA ,,
Auto Detailing By Larry,,Front Royal,VA ,,
Ressie Jeffries Elementary,320 E Criser Road,Front Royal,VA ,,
Amherst Hearing Center,,Front Royal,VA ,,
Cbm Mortgage,Royal Plaza Shopping Center,Front Royal,VA ,,
Mbh Settlement Group,1516 N Shenandoah Avenue # C,Front Royal,VA ,,
History Is A Hoot Inc,,Front Royal,VA ,,
Second Chance,317 E Main Street,Front Royal,VA ,,
Budget Inn,1122 N Royal Avenue,Front Royal,VA ,,
Jduggan Asociates,,Front Royal,VA ,,
Sealock's Excavating,,Front Royal,VA ,,
Andricks,,Front Royal,VA ,,
Dino S Lawn Care,,Front Royal,VA ,,
Total Lift Care,300 Morrison Lane,Front Royal,VA ,,
Valley Reporting Agency,420 N Royal Avenue,Front Royal,VA ,,
No Doubt Accounting,,Front Royal,VA ,,
School House Market LLC,,Front Royal,VA ,,
Jacks Transmissions,319 Oakridge Court,Front Royal,VA ,,
Scenic 340 Project Inc,,Front Royal,VA ,,
Peaceful Energies LLC,,Front Royal,VA ,,
Holben Paving & Sealing,,Front Royal,VA ,,
Legal Work Apostalate,4 Family Life Lane,Front Royal,VA ,,
Logie Attorney And Counselor At Law P C Thomas D,,Front Royal,VA ,,
First Bank,508 N Commerce Avenue,Front Royal,VA ,,
Alger Communications Inc,,Front Royal,VA ,,
Robert Clayton & Associates,1271 Mountain Road,Front Royal,VA ,,
Conquest Technologies & Services,,Front Royal,VA ,,
Home Savings Of America,,Front Royal,VA ,,
Americana Signs,119 Chester Street,Front Royal,VA ,,
Lenora W Keener,,Front Royal,VA ,,
Jamestown Tobacco Inc,477 South Street,Front Royal,VA ,,
Royal Land Title,403 E Main Street,Front Royal,VA ,,
Quantum Perspectives,52 Thoroughbred Lane,Front Royal,VA ,,
Brahma Contracting LLC,393 High Knob Road,Front Royal,VA ,,
Image Makers,314 S Royal Avenue,Front Royal,VA ,,
Schewels Furniture,125 E Main Street,Front Royal,VA ,,
C-Coin, Inc,,Front Royal,VA ,
Creekmur Construction,,Front Royal,VA ,,
Victorias Restaurant,231 Chester Street,Front Royal,VA ,,
Hall's Warranty Service,,Front Royal,VA ,,
Absolute Floors Inc,1023 Rockland Road,Front Royal,VA ,,
Shenk's Rusco Window CO Inc,518 N Royal Avenue,Front Royal,VA ,,
Frederick Home Improvement,2585 Guard Hill Road,Front Royal,VA ,,
Royal Enterprises,305 Grebe Drive,Front Royal,VA ,,
Steve Morris Construction,178 Rolling View Drive,Front Royal,VA ,,
Morhours Inc,142 Osprey Drive,Front Royal,VA ,,
Bath & Body Works,421 South Street,Front Royal,VA ,,
A J Kelly Construction Service,200 Virginia Avenue,Front Royal,VA ,,
Clint's Plumbing,93 Aspen Hill Drive,Front Royal,VA ,,
Constantine P Soutsos,1831 Ashby Station Road,Front Royal,VA ,,
Front Royal Baptist Temple,25 W 18th Street,Front Royal,VA ,,
Carmen J Casile,323 Theatre Road,Front Royal,VA ,,
Eds Construction Co,329 Jamestown Road,Front Royal,VA ,,
New 2 You Consignments,449 South Street,Front Royal,VA ,,
Daily Grind,215 E Main Street,Front Royal,VA ,,
Dr. Thomas E Patteson III MD,315 W 10th Street # 2,Front Royal,VA ,,
Kohnen-Starkey Construction Service LLC,11 Water Street,Front Royal,VA ,,
Vance Nursery Inc,581 Totten Lane,Front Royal,VA ,,
Barber, LLC,480 S Commerce Avenue # F,Front Royal,VA ,
Miller Quality Cleaning Llc, Patsy,181 Dogwood Farm Road,Front Royal,VA ,
Church Of The Nazarene,1107 Monroe Avenue,Front Royal,VA ,,
Edwin Vieira Jr Md,52 Stonegate Court,Front Royal,VA ,,
All In One Contracting,97 Judy Lane,Front Royal,VA ,,
Legacy Sundecks, Inc,164 Fox Chase Drive,Front Royal,VA ,
Henry's Grocery,1181 Strasburg Road,Front Royal,VA ,,
Avery-Hess Realtors,517 N Royal Avenue,Front Royal,VA ,,
Physical Evaluation & Rehabilitation Center,Rr 2 Box 3200,Front Royal,VA ,,
Summit Construction Management,352 Manor Road,Front Royal,VA ,,
Strike First Corporation Of America,1330 Progress Drive,Front Royal,VA ,,
Gorman & Associates,683 Bowling Green Road,Front Royal,VA ,,
Hilda J Barbour Elementary Sch,290 Westminster Drive,Front Royal,VA ,,
George W Powers Inc,135 N Royal Avenue,Front Royal,VA ,,
Kalra Sona OD,1211 N Shenandoah Avenue,Front Royal,VA ,,
Computer Advantage,215 South Street # A,Front Royal,VA ,,
Amerisist Assisted Living,106 Westminster Drive Apartment 104,Front Royal,VA ,,
Little Rugratz Daycare,,Front Royal,VA ,,
High Knob Utilities Inc,,Front Royal,VA ,,
Valley Fencing & Decks,1150 Pine Ridge Drive,Front Royal,VA ,,
Starbucks,125 Riverton Commons Drive,Front Royal,VA ,,
Jeff Harner,,Front Royal,VA ,,
Layer 9 Corp,289 Joans Quadrangle Road,Front Royal,VA ,,
Aunt Helen's Co Inc,,Front Royal,VA ,,
T R S Specialists Corp,,Front Royal,VA ,,
A-1 Creative Care Pet Sitting,,Front Royal,VA ,,
Alcohol Beverage Control Store,411 South Street # F,Front Royal,VA ,,
Front Royal Town Tourism Office,414 E Main Street,Front Royal,VA ,,
Shippa Family,,Front Royal,VA ,,
Allen Vaught Construction LLC,2944 Harmony Hollow Road,Front Royal,VA ,,
Robert Thompson's Tree Service,,Front Royal,VA ,,
Sunflower Cleaning,,Front Royal,VA ,,
Valley Painting/Cash,,Front Royal,VA ,,
Kevin Fristoe,,Front Royal,VA ,,
Creative Touch Paint & Drywall,,Front Royal,VA ,,
Rogers Antiques,,Front Royal,VA ,,
Front Royal Volunteer Fire,221 N Commerce Avenue,Front Royal,VA ,,
G Fox Jr, Delmar,,Front Royal,VA ,
Wells Communications LLC,1103 Shadows Drive,Front Royal,VA ,,
Laura Greene Resources Inc,,Front Royal,VA ,,
D & H Heating & Cooling,206 S Commerce Avenue,Front Royal,VA ,,
Blue Ridge Motel,1370 N Shenandoah Avenue,Front Royal,VA ,,
Essential Fragrance CO,1460 Highridge Road,Front Royal,VA ,,
Andrew Coffron,,Front Royal,VA ,,
Hidden Fence Inc,306 N Royal Avenue,Front Royal,VA ,,
Ling, Trevor,480 S Commerce Avenue # F,Front Royal,VA ,
Justin M Bates,,Front Royal,VA ,,
Skyline Realty,,Front Royal,VA ,,
Larry's Auto Body,210 E 4th Street,Front Royal,VA ,,
Winchester Medical Center,320 N Royal Avenue,Front Royal,VA ,,
Warren County Fairgrounds,26 Fairground Road,Front Royal,VA ,,
Shy Contracting LLC,,Front Royal,VA ,,
Dunkin' Donuts,9886 Winchester Road,Front Royal,VA ,,
Welch's Cleaning Service,980 S Marshall Street,Front Royal,VA ,,
Thomas H Sayre Law Offices,222 E Main Street,Front Royal,VA ,,
Blue Ridge Hot Air Balloon,552 Milldale Hollow Road,Front Royal,VA ,,
Kraft & Associates Wealth Mgmt Inc,331 N Royal Avenue,Front Royal,VA ,,
Cbm Mortgage LLC,,Front Royal,VA ,,
Blake & CO,1201 N Shenandoah Avenue,Front Royal,VA ,,
County Of Warren,,Front Royal,VA ,,
Holtzman Oil Corp,507 N Royal Avenue,Front Royal,VA ,,
S & S Events,106 Chester Street,Front Royal,VA ,,
Wayland General Contracting,540 Lakeside Drive,Front Royal,VA ,,
Haller Associates, Inc , Norm,3234 Rockland Road,Front Royal,VA 
William Pullen Constructi,116 Nottingham Court,Front Royal,VA ,,
Artistic Awards,1259 Highridge Road,Front Royal,VA ,,
Mabry Sandi S,140 W 11th Street,Front Royal,VA ,,
Cooperative Extension Service,220 N Commerce Avenue # 500,Front Royal,VA ,,
Rtm Consulting, LLC,219 Grebe Drive,Front Royal,VA ,
Zephyr Travel Service,408 Virginia Avenue,Front Royal,VA ,,
Hair Cuttery,135 Crooked Run Plaza # 30,Front Royal,VA ,,
Summers Enterprises, LLC,279 Wildcat Drive,Front Royal,VA ,
Vanessa Hair Salon,413 S Royal Avenue,Front Royal,VA ,,
Harry M Sartelle III DDS,869 John Marshall Highway,Front Royal,VA ,,
Shelley Oden,1205 Happy Creek Road,Front Royal,VA ,,
Hampshire Racing Partnerships,3577 Rockland Road,Front Royal,VA ,,
Mccarty Plumbing,344 W Main Street,Front Royal,VA ,,
Southern States CO-OP,50 Water Street,Front Royal,VA ,,
Bay-Valley Surgical Incorporated,1927 T Bird Drive,Front Royal,VA ,,
Rps Shenandoah Inc,211 E 4th Street,Front Royal,VA ,,
Richards Improvements,347 T Bird Drive,Front Royal,VA ,,
Move Your Freight,,Front Royal,VA ,,
Community Tabernacle Assembly Of God Church,7655 Stnewall Jackson Highway,Front Royal,VA ,,
Green Guys Lawn Landscapi,198 Stuarts Mountain Road,Front Royal,VA ,,
More Services,168 Shannon Woods Drive,Front Royal,VA ,,
Prudence B Mathews,412 N Royal Avenue,Front Royal,VA ,,
Pitts Enterprise,101 Crowfoot Court,Front Royal,VA ,,
Hawk Feather Press, Inc,904 Windy Way,Front Royal,VA ,
Louis Wagner,511 Frederick Avenue,Front Royal,VA ,,
Dominique Medenhall,409 Virginia Avenue,Front Royal,VA ,,
Qrs Home Improvement LLC,598 Youngs Drive,Front Royal,VA ,,
Front Royal Federal Cu,230 N Royal Avenue,Front Royal,VA ,,
Roy's Express,239 N Royal Avenue,Front Royal,VA ,,
Stewart Trucking Inc,9478 Stonewall Jackson Hw,Front Royal,VA ,,
Tnt Cleaning Service,1 Morain Street,Front Royal,VA ,,
Green Grass, LLC,,Front Royal,VA ,
Linsco Private Ledger Fncl Service,,Front Royal,VA ,,
Sheriff's Dept-Investigation,23 E Jackson Street,Front Royal,VA ,,
Tony's Automotive,553 Manassas Avenue,Front Royal,VA ,,
Smitty's Plumbing,237 Vista Fork Road,Front Royal,VA ,,
Bluemont Inn,1525 N Shenandoah Avenue,Front Royal,VA ,,
Dane J Toler,,Front Royal,VA ,,
Warren Consultants LLC,,Front Royal,VA ,,
Celebration Cakes,,Front Royal,VA ,,
Suds City Coin Laundry,429 South Street,Front Royal,VA ,,
Whittington Construction Inc,4591 Browntown Road,Front Royal,VA ,,
Jms Construction,5641 Browntown Road,Front Royal,VA ,,
Cameron Appliance Service,1432 Linden Street,Front Royal,VA ,,
Marian M Jones,,Front Royal,VA ,,
Todd E Unrath,,Front Royal,VA ,,
Venetian Nails,,Front Royal,VA ,,
Orkin,24 E Stonewall Drive,Front Royal,VA ,,
Early Byrd's Detailing,630 Warren Avenue,Front Royal,VA ,,
The Rusty Cricket Cruisers Inc,,Front Royal,VA ,,
Bowling Green South Country,500 Bowling View Road,Front Royal,VA ,,
Front Royal Beauty School,11 S Royal Avenue,Front Royal,VA ,,
Jack Evans Chevrolet-Cadillac,9 S Commerce Avenue,Front Royal,VA ,,
Crider & Shockey Inc,,Front Royal,VA ,,
Michael A Manuel Trucking Inc,,Front Royal,VA ,,
Cotefco Corp,400 Kendrick Lane,Front Royal,VA ,,
Helmuth Builders Supply Inc,1231 N Shenandoah Avenue,Front Royal,VA ,,
Paws N Claws,,Front Royal,VA ,,
Vvs Construction Lc,457 Kendrick Ford Road,Front Royal,VA ,,
Avon,,Front Royal,VA ,,
Bb&T,135 Crooked Run Plaza,Front Royal,VA ,,
Valley Tree Care,,Front Royal,VA ,,
Rick's Tree Service,Po Box 1383,Front Royal,VA ,,
Hartstein, Aaron,1729 N Shenandoah Avenue,Front Royal,VA ,
Sound Construction,,Front Royal,VA ,,
Vivid Image Studio,,Front Royal,VA ,,
Molly Lockhart,,Front Royal,VA ,,
Barbrook, Inc,,Front Royal,VA ,
Mason, Richard L,21 Lee Street,Front Royal,VA ,
US Faa,16596 Skyline Drive,Front Royal,VA ,,
Silver Arrows,,Front Royal,VA ,,
Lynx Connect,922 John Marshall Highway,Front Royal,VA ,,
Gooney Creek Salvage,44 Chapman Farm Road,Front Royal,VA ,,
Pro Services,1275 Valley View Drive,Front Royal,VA ,,
Lincoln Mortgage,824 John Marshall Highway # 203,Front Royal,VA ,,
Steven G Garrett Pc,319 Virginia Avenue,Front Royal,VA ,,
Garden Home Associates Inc,,Front Royal,VA ,,
Great Guns,,Front Royal,VA ,,
,,,,,
,,,,,
,,,,,
,,,,,
,,,,,
,,,,,
,,,,,
,,,,,
,,,,,
,,,,,
,,,,,
,,,,,
,,,,,
,,,,,
,,,,,
,,,,,
,,,,,
,,,,,
,,,,,
,,,,,
,,,,,
,,,,,
,,,,,
,,,,,
,,,,,
,,,,,
,,,,,
,,,,,
,,,,,
,,,,,
,,,,,
,,,,,
,,,,,
,,,,,
,,,,,
,,,,,
,,,,,
,,,,,
,,,,,
,,,,,
,,,,,
,,,,,
,,,,,
,,,,,
,,,,,
,,,,,
,,,,,
,,,,,
,,,,,
,,,,,
,,,,,
,,,,,
,,,,,
,,,,,
,,,,,
,,,,,
,,,,,
,,,,,
,,,,,
,,,,,
,,,,,
,,,,,
,,,,,
,,,,,
,,,,,
,,,,,
,,,,,
,,,,,
,,,,,
,,,,,
,,,,,
,,,,,
,,,,,
,,,,,
,,,,,
,,,,,
,,,,,
,,,,,
,,,,,
,,,,,
,,,,,
,,,,,
,,,,,
,,,,,
,,,,,
,,,,,
,,,,,
,,,,,
,,,,,
,,,,,
,,,,,
,,,,,
,,,,,
,,,,,
,,,,,
,,,,,
,,,,,
,,,,,
,,,,,
,,,,,
,,,,,
,,,,,
,,,,,
,,,,,
,,,,,
,,,,,
,,,,,
,,,,,
,,,,,
,,,,,
,,,,,
,,,,,
,,,,,
,,,,,
,,,,,
,,,,,
,,,,,
,,,,,
,,,,,
,,,,,
,,,,,
,,,,,
,,,,,
,,,,,
,,,,,
,,, ,,
,,, ,,
,,, ,,
,,, ,,
,,, ,,
,,, ,,
,,, ,,
,,, ,,
,,, ,,
,,, ,,
,,, ,,
,,, ,,
,,, ,,
,,, ,,
,,, ,,
,,, ,,
,,, ,,
,,, ,,
,,, ,,
,,, ,,
,,, ,,
,,, ,,
,,, ,,
,,, ,,
,,, ,,
,,, ,,
,,, ,,
,,, ,,
,,, ,,
,,, ,,
,,, ,,
,,, ,,
,,, ,,
,,, ,,
,,, ,,
Data Disc Inc,1289 Progress Drive,Front Royal,VA ,,
Baltimore, A L,1606 Scranton Avenue,Front Royal,VA ,
Apple Mountain Resources,487 Applewood Drive,Front Royal,VA ,,
Moose International, Incorporated,1340 John Marshall Highway,Front Royal,VA ,
Monitor Systems Inc,Po Box 2215,Front Royal,VA ,,
Sam Snead Realty Inc,437 S Royal Avenue # A,Front Royal,VA ,,
Wchs Music Dept,240 Luray Avenue,Front Royal,VA ,,
List Hus Gallery,307 Farm Ridge Road,Front Royal,VA ,,
Bouncing Baby Boutique LLC,411 South Street,Front Royal,VA ,,
Jackson Furniture CO of VA,239 E 6th Street,Front Royal,VA ,,
Llewellyn LLC,905 Virginia Avenue,Front Royal,VA ,,
Davis Pullen Sherry,871 Windy Way,Front Royal,VA ,,
Preparedness Information Technologies,311 Grebe Drive,Front Royal,VA ,,
Small Business Certifications, LLC,122 W 14th Street # 3,Front Royal,VA ,
Bnr Construction,125 Sunshine Drive,Front Royal,VA ,,
Me2U Consignments LLC,109 Water Street,Front Royal,VA ,,
Little Store,Rr 606 Shenandoah Shores,Front Royal,VA ,,
Quality Paint CO,306 N Royal Avenue,Front Royal,VA ,,
Blue Ridge Housing Network,115 Chester Street Apartment 4,Front Royal,VA ,,
Neville Derflinger,442 Randolph Avenue,Front Royal,VA ,,
Expert Tree Service, Inc,329 Scarlet Tanager Lane,Front Royal,VA ,
Warren County Attorney,220 N Commerce Avenue # 100,Front Royal,VA ,,
New World Puppets Inc,478 Shannon Woods Drive,Front Royal,VA ,,
Adalbert Von Gontard Iii,1042 Milldale Road,Front Royal,VA ,,
John H Moore Carpets,107 S Royal Avenue,Front Royal,VA ,,
Salon LA Petite,104 S Royal Avenue,Front Royal,VA ,,
Dr. Jayashree Venkatesh MD,1077 N Shenandoah Avenue # B,Front Royal,VA ,,
Pan America Computers,205 E Main Street # 2,Front Royal,VA ,,
Smithsonian Institution,1500 Remount Road,Front Royal,VA ,,
Aarp Tax Aide,18 W 6th Street,Front Royal,VA ,,
Kid Country Jeans,411c South Street,Front Royal,VA ,,
Gourmet Delights,204 E Main Street,Front Royal,VA ,,
First Choice Septic Service,,Front Royal,VA ,,
Tederick Matthew A,100 Peyton Street,Front Royal,VA ,,
Willard White Construction,1755 Catlett Mountain Road,Front Royal,VA ,,
Meadowland Learning Center,83 Royal Lane,Front Royal,VA ,,
Warren County School Board Anx,320 E Criser Road,Front Royal,VA ,,
Ameri Gas,Strasburg Road,Front Royal,VA ,,
Linden Hardwood Floor CO,1213 Rocky Glen Drive,Front Royal,VA ,,
Santmyers Heating & Air Cond,3448 Mountain Road,Front Royal,VA ,,
Henry Teresa,28 W 15th Street,Front Royal,VA ,,
We Sell 4U,8 Blue Ridge Avenue,Front Royal,VA ,,
Shenandoah Consultancy Inc,,Front Royal,VA ,,
Barnhart Associates Inc,500 E Main Street,Front Royal,VA ,,
Fred S Andreae Architect,,Front Royal,VA ,,
Seton Home Study School,1350 Progress Drive,Front Royal,VA ,,
Wayside Theatre,400 Kendrick Lane,Front Royal,VA ,,
Dr. Eirich Anna K MD,140 W 11th Street,Front Royal,VA ,,
Long & Foster Insurance Agency Inc,14501 George Carter Way,Front Royal,VA ,,
Llewellyn General Contracting,811a N Royal Avenue,Front Royal,VA ,,
Dj Connection,201 E Jackson Street,Front Royal,VA ,,
Performance Transmission & Aut,190 N Commerce Avenue,Front Royal,VA ,,
Little Angels First Bapt Day,14 W 1st Street,Front Royal,VA ,,
Downtown Front Royal,217 E Main Street,Front Royal,VA ,,
Town of Front Royal Electric,,Front Royal,VA ,,
Rotary Club Of Linden Va,,Front Royal,VA ,,
Manpower Inc,11 Water Street,Front Royal,VA ,,
Medcalf Dana,326 N Royal Avenue,Front Royal,VA ,,
Goen, J Scott,377 Rainbow Way,Front Royal,VA ,
Williams Chapel Cme Church,231 Chester Street,Front Royal,VA ,,
Can Do Air,19 Honeysuckle Lane,Front Royal,VA ,,
Frank's Garage,201 E 4th Street,Front Royal,VA ,,
Perseco,408 South Street,Front Royal,VA ,,
Branch Banking And Trust Company,487 South Street,Front Royal,VA ,,
Kander, Rodney A DPM,316 N Royal Avenue,Front Royal,VA ,
Providence United Methodist,Route 694,Front Royal,VA ,,
Cato,453 South Street,Front Royal,VA ,,
William D Hearne Jr DDS,841 N Shenandoah Avenue # 1,Front Royal,VA ,,
Dr. Daly Patricia A MD,315 W 10th Street # 2,Front Royal,VA ,,
High-Performance Fabrication,178 Core Drive,Front Royal,VA ,,
Ralph Gibson Jr Dds,165 Wilson Burke Road,Front Royal,VA ,,
Gary Anderson Tree Care,,Front Royal,VA ,,
Divinum Auxilium Academy,6294 Browntown Road,Front Royal,VA ,,
Outsource Inc,1882 Rivermont Drive,Front Royal,VA ,,
Royal Lumber CO Inc,515 N Commerce Avenue,Front Royal,VA ,,
Teleduff Halls Speedwash,110 S Royal Avenue,Front Royal,VA ,,
Lewis Fine Art Photography LLC,3740 Rockland Road,Front Royal,VA ,,
Crown Gas Station,63 W 14th Street,Front Royal,VA ,,
Oswald, Richard E DO,1000 N Shenandoah Avenue,Front Royal,VA ,
Oakes Construction Inc,1186 S Fork Drive,Front Royal,VA ,,
M R Fencing,530 Belair Avenue,Front Royal,VA ,,
Conley's Cleaning Services,225 Pine Shores Drive,Front Royal,VA ,,
James B Jordan CPA,316 Warren Avenue,Front Royal,VA ,,
Claeys Refrigeration,160 Dungadin Road,Front Royal,VA ,,
Cales, Sharon,120 Ashland Court,Front Royal,VA ,
Defense Strategies & Systems Inc,593 Greenfield Road,Front Royal,VA ,,
Mivaca Inc,2673 Fairground Road,Front Royal,VA ,,
George A Smith Jr,3403 Guard Hill Road,Front Royal,VA ,,
Royal Hill Apartments,31 Royal Lane,Front Royal,VA ,,
J&K Heating & Air,3862 Bttnvill Brwntown Road,Front Royal,VA ,,
Bell Auto Parts,1526 Catlett Mountain Road,Front Royal,VA ,,
Zachry Industrial,400 Kendrick Lane,Front Royal,VA ,,
Royal Oak Complete Tree Service,16 E 17th Street,Front Royal,VA ,,
Firstchoice Construction,247 Hickory Road,Front Royal,VA ,,
John Wesley United Methodist,14 Church Street,Front Royal,VA ,,
Remax Choice/Vicky Llewellyn,,Front Royal,VA ,,
John Rajewski,68 Farms Ridge Lane,Front Royal,VA ,,
Samuel's Library Foundation Inc,330 E Criser Road,Front Royal,VA ,,
Ritco, L L C,1211 Fairground Road,Front Royal,VA ,
Democratic Committee,152 Windsor Court,Front Royal,VA ,,
Wilbur The Handyman,260 Rolling View Drive,Front Royal,VA ,,
Matthew Auto Center,13 W Duck Street,Front Royal,VA ,,
Kimberly's Pet Grooming,605 Rivermont Drive,Front Royal,VA ,,
First Financial Advisors,1717 N Shenandoah Avenue,Front Royal,VA ,,
Fawn Martuccl,684 Kildare Drive,Front Royal,VA ,,
A & D Concrete,1324 Queens Highway,Front Royal,VA ,,
Sean Miller,4 Honey Farm Lane,Front Royal,VA ,,
Sprint Mellssa,958 Pine Ridge Drive,Front Royal,VA ,,
Native American Heritage,830 John Marshall Highway # F,Front Royal,VA ,,
Guy's Tax Service,413 S Royal Avenue,Front Royal,VA ,,
Spring Dale Farm,2629 Rockland Road,Front Royal,VA ,,
Greenbacker, Robert John,3844 Panhandle Road,Front Royal,VA ,
Good Shepherd Lutheran Pre,18 W 6th Street,Front Royal,VA ,,
Robert J O'Neill Pc,128 E Main Street,Front Royal,VA ,,
Whs Heating & Air Conditioning,26 Woodward Court,Front Royal,VA ,,
Front Royal Business Office,15 N Royal Avenue,Front Royal,VA ,,
Rescue 3 Virginia,1733 Wakeman Mill Road,Front Royal,VA ,,
Small Business Service,11 W Prospect Street,Front Royal,VA ,,
Warren County Magistrate,8 E Jackson Street,Front Royal,VA ,,
Danlar Builders,624 Virginia Avenue,Front Royal,VA ,,
G & M Auto Sales,106 W 14th Street,Front Royal,VA ,,
Royal Home Repair,4410 Remount Road,Front Royal,VA ,,
Tcp Partners,11 Cloud Street,Front Royal,VA ,,
Spiewak Rich,Royal Plaza Shopping Center,Front Royal,VA ,,
Allison Construction CO Sda Rs,661 Bowling View Road,Front Royal,VA ,,
Datadisc,1289 Progress Drive,Front Royal,VA ,,
Edward Jones,986 John Marshall Highway # C,Front Royal,VA ,,
Skyline Floors & Tile,70 Riverton Commons Plaza,Front Royal,VA ,,
Skyline Ortho & Sprts Med,120 N Commerce Avenue,Front Royal,VA ,,
Stephen P Sill,119 Chester Street,Front Royal,VA ,,
Bowling Green Country Club,838 Bowling Green Road,Front Royal,VA ,,
Berman Family Chiropractic,869 John Marshall Highway # B,Front Royal,VA ,,
Port Authority,7685 Winchester Road,Front Royal,VA ,,
NU-Look 1Hr Cleaners,105 S Royal Avenue,Front Royal,VA ,,
Sprint,306 N Royal Avenue,Front Royal,VA ,,
Skyline Cap Headstart,1015 E Stonewall Drive,Front Royal,VA ,,
Family Trucking,720 W 13th Street,Front Royal,VA ,,
Jenair Heating & Cooling,378 Farms Riverview Road,Front Royal,VA ,,
Express Wash Car Wash & Dtlng,214 Country Club Road,Front Royal,VA ,,
Collectors Whimsy,195 Old Oak Lane,Front Royal,VA ,,
Warren Heritage Society,101 Chester Street,Front Royal,VA ,,
Skt Telecom Solutions LLC,75 Spoon Square,Front Royal,VA ,,
Donna J Evans CPA,963 S Marshall Street,Front Royal,VA ,,
Dr. Flax Stephen H MD,1077 N Shenandoah Avenue,Front Royal,VA ,,
S & S Roofing,1418 Markham Street,Front Royal,VA ,,
Little Store,409 South Street,Front Royal,VA ,,
Good Shepherd Evangelical Luth,18 W 6th Street,Front Royal,VA ,,
Valic,4271 Remount Road,Front Royal,VA ,,
Sole Solutions Inc,9 S Royal Avenue # A,Front Royal,VA ,,
Gold's Gym,,Front Royal,VA ,,
Woody's Towing,301 Lakeside Drive,Front Royal,VA ,,
Sowers Remodeling,437 S Royal Avenue,Front Royal,VA ,,
Action Auto Sales,8 W 14th Street,Front Royal,VA ,,
All Phase Builders L L C,,Front Royal,VA ,,
Tres-Bella Day Spa & Boutique,426 N Royal Avenue,Front Royal,VA ,,
Joseph M Kitchen,,Front Royal,VA ,,
Front Royal Diesel,3812 Guard Hill Road,Front Royal,VA ,,
Brian Coons Appraisals,,Front Royal,VA ,,
American Leg Aux Dstrc 15,,Front Royal,VA ,,
A Bail America Bonding,,Front Royal,VA ,,
Oriental Express,409 South Street,Front Royal,VA ,,
Viewcrest Landscapes,984 View Crest Court,Front Royal,VA ,,
T And G Bike And Hobby Shop,125 E Main Street 127,Front Royal,VA ,,
Tir2 Jewelry And Fragrances,415 E Criser Road Apartment 303,Front Royal,VA ,,
Cool Clothes Com,277 Huck Finn Drive,Front Royal,VA ,,
Jnj Excavating,137 Cabin Court,Front Royal,VA ,,
Auriga Limited,1190 Progress Drive # O,Front Royal,VA ,,
Emmart & Son, Inc , W H,239 N Royal Avenue,Front Royal,VA 
Noah's Ark Pet Grooming,10269 Winchester Road,Front Royal,VA ,,
Appalachian Insurance,437 S Royal Avenue,Front Royal,VA ,,
Radio Shack,437 South Street,Front Royal,VA ,,
V R E Painting Of N Va Inc,223 Dogwood Tree Drive,Front Royal,VA ,,
Press Start Video Games,50 Riverton Commons Plaza,Front Royal,VA ,,
Cracker Barrel Old Country Str,15 Riverton Commons Drive,Front Royal,VA ,,
Common Wealth One Fcu,1516 N Shenandoah Avenue,Front Royal,VA ,,
Pan America Computers,,Front Royal,VA ,,
Citifinancial Credit Company,411 South Street # E,Front Royal,VA ,,
Mascaros Mini Jet,212 Harmony Orchard Road,Front Royal,VA ,,
Robert Green,147 Samantha Lane,Front Royal,VA ,,
Best Extermination,484 Dungadin Road,Front Royal,VA ,,
Texaco Royal Gas Station,63 W 14th Street,Front Royal,VA ,,
Conservation & Research Center,1500 Remount Road,Front Royal,VA ,,
Johanna M Naccash,304 S River Road,Front Royal,VA ,,
Valley Fencing,1212 Pine Ridge Drive,Front Royal,VA ,,
R&R Drywall,355 Kendrick Ford Road,Front Royal,VA ,,
Terry D Carter,379 Elinore Lane,Front Royal,VA ,,
Senior Rides,1217 Commonwealth Avenue,Front Royal,VA ,,
Online Video Directory,143 Shepherd Lane,Front Royal,VA ,,
St Luke Community Clinic,316 N Royal Avenue,Front Royal,VA ,,
Tops China,461 South Street,Front Royal,VA ,,
Riverfront Christian School Little Sheep Preschool,55 E Strasburg Road,Front Royal,VA ,,
Decision Support Service Inc,24 E Stonewall Drive # 3,Front Royal,VA ,,
Tom L Salisbury,949 S Marshall Street,Front Royal,VA ,,
Thomas A Megeath,4242 Rockland Road,Front Royal,VA ,,
Warren County Trnsprtn,111 E Criser Road,Front Royal,VA ,,
All Creatures Pet Care,,Front Royal,VA ,,
Ricky D Singleton Ii,138 Mountain Heights Road,Front Royal,VA ,,
Valley Dental Lab,126 5th Street Royal,Front Royal,VA ,,
Family Footcare Of Shenandoah Inc,,Front Royal,VA ,,
Facility Technology Services Inc,,Front Royal,VA ,,
Debbie's Ivy Garden,18 Walker Avenue,Front Royal,VA ,,
Parent Infant Education,,Front Royal,VA ,,
Beneficial,470 S Commerce Avenue # C,Front Royal,VA ,,
Creekmur Construction LLC,54 Maywood Drive,Front Royal,VA ,,
Btb Inc,613 N Royal Avenue # 1,Front Royal,VA ,,
Thomas H Gibbs Rev,,Front Royal,VA ,,
Mightyfine Catering CO,1303 N Royal Avenue,Front Royal,VA ,,
E Z Home Builders & Excavating,189 Sassy Lane,Front Royal,VA ,,
Love Handles Sweet Shoppe,,Front Royal,VA ,,
Robert L Perry,,Front Royal,VA ,,
John Arthur Jones,,Front Royal,VA ,,
Massey Pm Construction LLC,,Front Royal,VA ,,
American Red Cross,128 N Royal Avenue,Front Royal,VA ,,
Piedmont Pictures,508 Kendrick Lane,Front Royal,VA ,,
Ann Arena,,Front Royal,VA ,,
Stanley Cloudie,,Front Royal,VA ,,
Steven G Garrett DDS,319 Virginia Avenue,Front Royal,VA ,,
Hair Station,328 S Royal Avenue,Front Royal,VA ,,
Pmg Preformance Mgmt Group,106 Chester Street,Front Royal,VA ,,
Dan's Decks,3321 Panhandle Road,Front Royal,VA ,,
Pearson's Fencing,267 Shenandoah River Lane,Front Royal,VA ,,
Front Royal Electric Dept,520 E 6th Street # A,Front Royal,VA ,,
H & H Hardwood Supply,508 Kendrick Lane # A,Front Royal,VA ,,
Hands For Hope, Inc,,Front Royal,VA ,
Samuel J Levine Attorney,,Front Royal,VA ,,
Greco, Barbara R,135 N Royal Avenue # B,Front Royal,VA ,
Mikado Japanese Steak & Seafood,,Front Royal,VA ,,
Integrative Health And Fitness, Inc,,Front Royal,VA ,
US Army Recruiting,11 Water Street,Front Royal,VA ,,
Mcdonald J L Saw Mill,,Front Royal,VA ,,
Tidewater Exteriors,199 Poplar Road,Front Royal,VA ,,
Defense Strategies & Syst Inc,593 Greenfield Road,Front Royal,VA ,,
Burger King,412 South Street,Front Royal,VA ,,
Krispy Kreme Doughnuts,6951 Winchester Road,Front Royal,VA ,,
M 2 Properties,10 Blue Ridge Avenue,Front Royal,VA ,,
Fse Electric LLC,,Front Royal,VA ,,
Kearney Kreations LLC,,Front Royal,VA ,,
Rappahannock Trading CO LLC,887 Dorn Road,Front Royal,VA ,,
T A Automotive,,Front Royal,VA ,,
Frederick C Wood,,Front Royal,VA ,,
Lpg Enterprises,3446 Browntown Road,Front Royal,VA ,,
Driver's Choice,214 E Jackson Street,Front Royal,VA ,,
Mccartney Catv,106 Beach Drive,Front Royal,VA ,,
Royal Front Human Resources,16 N Royal Avenue,Front Royal,VA ,,
Avon Products Inc,515 Proctor Lane,Front Royal,VA ,,
Kenney, Windford Allen,1301 Kendrick Ford Road,Front Royal,VA ,
All Cargo Transport LLC,259 Chestnut Hill Drive,Front Royal,VA ,,
Royal Cinemas,117 E Main Street # 1,Front Royal,VA ,,
Pomeroy's Small Engine Repair,525 E Main Street,Front Royal,VA ,,
Glorious Developers, Inc,159 Simons Way,Front Royal,VA ,
Valley Roofing,21 W 6th Street,Front Royal,VA ,,
Walker Financial Service Inc,986 John Marshall Highway # B,Front Royal,VA ,,
Morgan Ford Farm,1135 Morgans Ford Farm Road,Front Royal,VA ,,
Chux Finish Carpentry,407 Windy Way,Front Royal,VA ,,
H&R Block,232a Remount Road,Front Royal,VA ,,
Dennis M Haas Or,136 Harmony Manor Drive,Front Royal,VA ,,
Direct Medical Billing,10 Church Street,Front Royal,VA ,,
Beneficial,310 N Commerce Avenue,Front Royal,VA ,,
La Barre, Kenneth Robert,166 Wilson Lane,Front Royal,VA ,
Mcleri & Associates LLC,1008 Arrowhead Road,Front Royal,VA ,,
Donovan Trucking & Excavating,219 Emerald Lane,Front Royal,VA ,,
All Around Mini Storage,1465 Strasburg Road,Front Royal,VA ,,
Concern Hotline,,Front Royal,VA ,,
Delilah's Art & Gifts,105 E Main Street,Front Royal,VA ,,
Brogan & Brogan Inc,3 Morain Street,Front Royal,VA ,,
Richardson Enterprises,486 Hamilton Circle,Front Royal,VA ,,
Jackson Jr, C E,624 Kibler Street,Front Royal,VA ,
Cedarville Veterinary Clinic,8506 Winchester Road,Front Royal,VA ,,
Horizon Goodwill Industries,280 Remount Road,Front Royal,VA ,,
Warren County General Info,220 N Commerce Avenue # 100,Front Royal,VA ,,
Dominion,477 Kelly Drive,Front Royal,VA ,,
Robert Edward Wright Jr,735 Shenandoah Shores Road,Front Royal,VA ,,
Front Royal Realty,1474 John Marshall Highway,Front Royal,VA ,,
Flack, David C DO,140 W 11th Street,Front Royal,VA ,
Willow Brook Farm,,Front Royal,VA ,,
Denise Jane Portrait Design,106 Chester Street,Front Royal,VA ,,
Whittington Construction CO,22 Fieldstone Court,Front Royal,VA ,,
Valley Ambulance Service,Shenandoah Shores,Front Royal,VA ,,
American Quick Print,908 John Marshall Highway,Front Royal,VA ,,
Nate's Garage,216 E 4th Street,Front Royal,VA ,,
Avis Hill Trust,201 Mountain Road,Front Royal,VA ,,
Envision Electric Inc,639 Shenandoah River Lane,Front Royal,VA ,,
Front Royal Town Attorney,16 N Royal Avenue,Front Royal,VA ,,
Thomas Homes Inc,4739 Browntown Road,Front Royal,VA ,,
Hoverter Roofing,132 Grove Farm Road,Front Royal,VA ,,
Martz, L Samuel,High Knob,Front Royal,VA ,
Warren County Sheriff,1809 Belmont Avenue,Front Royal,VA ,,
Dominion Septic & Excavating,,Front Royal,VA ,,
Cutting Edge,110 S Royal Avenue,Front Royal,VA ,,
Paul G Byers DDS,869 John Marshall Highway,Front Royal,VA ,,
Ricky A Funk,417 Kerfoot Avenue,Front Royal,VA ,,
Fork Improvement Assn,206 Foxfire Court,Front Royal,VA ,,
Ef Williams CO,409 Pence Street,Front Royal,VA ,,
Mystic Media Productions, LLC,175 Easy Hollow Road,Front Royal,VA ,
Wal-Mart Stores, Inc,10 Riverton Commons Drive,Front Royal,VA ,
Best Fencing,2523 Harmony Hollow Road,Front Royal,VA ,,
C & B Construction,50 Shenandoah Heights Road,Front Royal,VA ,,
Winchester Dialysis Lc,1360 N Shenandoah Avenue,Front Royal,VA ,,
Peebles,425 South Street,Front Royal,VA ,,
Mcginnis Heating Cooling,,Front Royal,VA ,,
Jean Singh,,Front Royal,VA ,,
Daniel J Mulvena,,Front Royal,VA ,,
Randolph Macon Academy,200 Academy Drive,Front Royal,VA ,,
Bassford Properties LLC,,Front Royal,VA ,,
Edward Jones,21 Lee Street,Front Royal,VA ,,
Contract Solutions Group LLC,,Front Royal,VA ,,
Randy Wertz Appraisals,,Front Royal,VA ,,
Global One Led, LLC,,Front Royal,VA ,
St James Electric LLC,203 W Main Street,Front Royal,VA ,,
Via Satellite Inc,40 Digital Plaza,Front Royal,VA ,,
Sterling Collision-Front Royal,705 N Royal Avenue,Front Royal,VA ,,
Est Of Young Contracting,,Front Royal,VA ,,
Blue Ridge Finance Corp,505 S Royal Avenue,Front Royal,VA ,,
Warren County Jail,8 E Jackson Street,Front Royal,VA ,,
K Jack Services,,Front Royal,VA ,,
Shenandoah Ford Inc,9135 Winchester Road,Front Royal,VA ,,
Los Potrillos,90 Riverton Commons Plaza,Front Royal,VA ,,
All Star Check Cashing,477 South Street # C,Front Royal,VA ,,
Hubert H Marlow Jr Attorney,111 E Main Street,Front Royal,VA ,,
Mc Donald's,408 South Street,Front Royal,VA ,,
Pioneer Motel,541 S Royal Avenue,Front Royal,VA ,,
Guitar Lessons By Carey,892 Cannon Street,Front Royal,VA ,,
Gridbox LLC,1271 Mountain Road,Front Royal,VA ,,
Skyline Landscape,,Front Royal,VA ,,
Healthy Inspirations Frnt Ryl,9816 Winchester Road,Front Royal,VA ,,
Lans-R-Us,1358 Rawley Ridge Drive,Front Royal,VA ,,
Almy, Richard R,14 E Jackson Street,Front Royal,VA ,
Quiznos,70 Riverton Commons Drive # 20,Front Royal,VA ,,
Eric Anderson Photography,1309 Imboden Drive,Front Royal,VA ,,
Marlow Motor CO Inc,707 N Commerce Avenue,Front Royal,VA ,,
Royal Oak Animal Clinic,25 W Jackson Street,Front Royal,VA ,,
Saint John The Baptist Catholic Church,123 W Main Street,Front Royal,VA ,,
Depot Storage,110 Depot Avenue,Front Royal,VA ,,
Front Row Church of Nazarene,,Front Royal,VA ,,
Creative Projects Mgmt,1466 Riverview Shores Drive,Front Royal,VA ,,
Lawson & Silek Plc,43 Chester Street,Front Royal,VA ,,
Twin Air,3045 Browntown Road,Front Royal,VA ,,
Bts/Dominion Charter,311 Duncan Avenue,Front Royal,VA ,,
Pond Athey Athey & Pond,35 N Royal Avenue,Front Royal,VA ,,
Warren County Council-Violence,317 E Main Street,Front Royal,VA ,,
Interchange Group Inc,190 Toray Drive,Front Royal,VA ,,
David A Downes Law Offices,14 Chester Street,Front Royal,VA ,,
Perseco,9846 Winchester Road,Front Royal,VA ,,
Shen Valley Interiors LLC,1419 Markham Street,Front Royal,VA ,,
H H Atkins Builders,513 Pow Morr Drive,Front Royal,VA ,,
Dr. Karmy Robert MD,120 N Commerce Avenue # 230,Front Royal,VA ,,
Vaughan Kristos N DO,140 W 11th Street,Front Royal,VA ,,
Johnson & Johnson Plumbing Repair,218 Dry Run Court,Front Royal,VA ,,
Old Town Chimney Sweeps,,Front Royal,VA ,,
Rolling Valley Logging,101 Rolling Valley Lane,Front Royal,VA ,,
Saint Paul Baptist Church,620 Loop Road,Front Royal,VA ,,
Frederick W Broadhead DDS,80 W 4th Street,Front Royal,VA ,,
Jones, Robert H,12 N Easterly Street,Front Royal,VA ,
Tuscan Home Decor & Design, LLC,902 Morgan Ford Road,Front Royal,VA ,
Gw Contracting,1250 Liberty Hall Road,Front Royal,VA ,,
Walter Scott Reid Jr Family LLC,341 Ashby Lane,Front Royal,VA ,,
Virginia Leaf Inc,477d South Street,Front Royal,VA ,,
Baldwin, Dennis J,148 Richmond Road,Front Royal,VA ,
Triton Pcs,,Front Royal,VA ,,
A & G Gis Consulting Inc,112 Walker Farm Drive,Front Royal,VA ,,
Quilttour USA,613 Mount View Street,Front Royal,VA ,,
Streetwise Ministries Inc,2173 Strasburg Road,Front Royal,VA ,,
Sam M Garst Or,150 Turnstone Lane,Front Royal,VA ,,
Dr. Patrick J Wenzinger MD,1000 N Shenandoah Avenue,Front Royal,VA ,,
Dr. Thomas A Ball MD,140 W 11th Street,Front Royal,VA ,,
Abc Insurance LLC,1201 N Shenandoah Avenue,Front Royal,VA ,,
Population Research Institute,1190 Progress Drive # 2d,Front Royal,VA ,,
Long Haul Improvements,356 Riverview Street,Front Royal,VA ,,
New Breed,167 Kelly Drive,Front Royal,VA ,,
Tropical Smoothie,50 Riverton Commons Plaza # 20,Front Royal,VA ,,
Warren County Administrator,220 N Commerce Avenue # 100,Front Royal,VA ,,
Sunflower Cleaning,3425 Blue Mountain Road,Front Royal,VA ,,
Dr. Martin Kosciuk MD,140 W 11th Street,Front Royal,VA ,,
Moore's Electrical & Mechcl,1 Aqueduct Lane,Front Royal,VA ,,
Scholder Publishing, LLC,31 Bedford Drive,Front Royal,VA ,
Mbh Settlement Group Lc,1516 N Shenandoah Avenue # C,Front Royal,VA ,,
Skyline Resort Inc,751 Mountain Road,Front Royal,VA ,,
Richard E Janowitz,1313 State Street,Front Royal,VA ,,
Mc Lean Funding Group Inc,216 N Royal Avenue,Front Royal,VA ,,
Dr. Mahesh Chander MD,315 W 10th Street,Front Royal,VA ,,
Q Stop,10178 Winchester Road,Front Royal,VA ,,
Front Royal Pregnancy Center,11 S Royal Avenue,Front Royal,VA ,,
Anderson Gregk,3938 Remount Road,Front Royal,VA ,,
Wings To Go,,Front Royal,VA ,,
First Assembly Of God,,Front Royal,VA ,,
Transportation Department,260 W Duck Street,Front Royal,VA ,,
Jackson Hewitt,,Front Royal,VA ,,
Be Construction,,Front Royal,VA ,,
Diversified Inspection Corp,624 Shenandoah Valley Drive,Front Royal,VA ,,
Freedom Club,,Front Royal,VA ,,
Habitat For Humanity International,,Front Royal,VA ,,
Cbm Mortgage LLC,413a South Street,Front Royal,VA ,,
Mgr Enterprises LLC,,Front Royal,VA ,,
Petco,135 Crooked Run Plaza # 10,Front Royal,VA ,,
Paul's Kitchen & Appliance Center,100 E 8th Street,Front Royal,VA ,,
Supreme Council-House of Jacob,586 Kerfoot Avenue,Front Royal,VA ,,
Ronald Cline Enterprise,54 North Street,Front Royal,VA ,,
Wnp Services Inc,,Front Royal,VA ,,
Enso Art Gallery,12 Chester Street,Front Royal,VA ,,
Pia Polyponics Limited Liability Company,,Front Royal,VA ,,
Image Makers,314 S Royal Avenue,Front Royal,VA ,,
Schewels Furniture,125 E Main Street,Front Royal,VA ,,
C-Coin, Inc,230 W 8th Street,Front Royal,VA ,
Creekmur Construction,528 Lillard Drive,Front Royal,VA ,,
Victorias Restaurant,231 Chester Street,Front Royal,VA ,,
Hall's Warranty Service,2173 Strasburg Road,Front Royal,VA ,,
Absolute Floors Inc,1023 Rockland Road,Front Royal,VA ,,
Shenk's Rusco Window CO Inc,518 N Royal Avenue,Front Royal,VA ,,
Frederick Home Improvement,2585 Guard Hill Road,Front Royal,VA ,,
Royal Enterprises,305 Grebe Drive,Front Royal,VA ,,
Steve Morris Construction,178 Rolling View Drive,Front Royal,VA ,,
Morhours Inc,142 Osprey Drive,Front Royal,VA ,,
Bath & Body Works,421 South Street,Front Royal,VA ,,
A J Kelly Construction Service,200 Virginia Avenue,Front Royal,VA ,,
Clint's Plumbing,93 Aspen Hill Drive,Front Royal,VA ,,
Constantine P Soutsos,1831 Ashby Station Road,Front Royal,VA ,,
Front Royal Baptist Temple,25 W 18th Street,Front Royal,VA ,,
Carmen J Casile,323 Theatre Road,Front Royal,VA ,,
Eds Construction Co,329 Jamestown Road,Front Royal,VA ,,
New 2 You Consignments,449 South Street,Front Royal,VA ,,
Daily Grind,215 E Main Street,Front Royal,VA ,,
Dr. Thomas E Patteson III MD,315 W 10th Street # 2,Front Royal,VA ,,
Kohnen-Starkey Construction Service LLC,11 Water Street,Front Royal,VA ,,
Vance Nursery Inc,581 Totten Lane,Front Royal,VA ,,
Barber, LLC,480 S Commerce Avenue # F,Front Royal,VA ,
Miller Quality Cleaning Llc, Patsy,181 Dogwood Farm Road,Front Royal,VA ,
Church Of The Nazarene,1107 Monroe Avenue,Front Royal,VA ,,
Edwin Vieira Jr Md,52 Stonegate Court,Front Royal,VA ,,
All In One Contracting,97 Judy Lane,Front Royal,VA ,,
Legacy Sundecks, Inc,164 Fox Chase Drive,Front Royal,VA ,
Henry's Grocery,1181 Strasburg Road,Front Royal,VA ,,
Avery-Hess Realtors,517 N Royal Avenue,Front Royal,VA ,,
Physical Evaluation & Rehabilitation Center,Rr 2 Box 3200,Front Royal,VA ,,
Summit Construction Management,352 Manor Road,Front Royal,VA ,,
Strike First Corporation Of America,,Front Royal,VA ,,
Gorman & Associates,,Front Royal,VA ,,
Hilda J Barbour Elementary Sch,290 Westminster Drive,Front Royal,VA ,,
George W Powers Inc,,Front Royal,VA ,,
Kalra Sona OD,1211 N Shenandoah Avenue,Front Royal,VA ,,
Amerisist Assisted Living,106 Westminster Drive Apartment 104,Front Royal,VA ,,
Computer Advantage,215 South Street # A,Front Royal,VA ,,
Little Rugratz Daycare,,Front Royal,VA ,,
High Knob Utilities Inc,,Front Royal,VA ,,
Valley Fencing & Decks,1150 Pine Ridge Drive,Front Royal,VA ,,
Starbucks,125 Riverton Commons Drive,Front Royal,VA ,,
Jeff Harner,,Front Royal,VA ,,
Layer 9 Corp,289 Joans Quadrangle Road,Front Royal,VA ,,
Aunt Helen's Co Inc,,Front Royal,VA ,,
T R S Specialists Corp,,Front Royal,VA ,,
A-1 Creative Care Pet Sitting,,Front Royal,VA ,,
Alcohol Beverage Control Store,411 South Street # F,Front Royal,VA ,,
Front Royal Town Tourism Office,414 E Main Street,Front Royal,VA ,,
Shippa Family,,Front Royal,VA ,,
Allen Vaught Construction LLC,2944 Harmony Hollow Road,Front Royal,VA ,,
Robert Thompson's Tree Service,,Front Royal,VA ,,
Sunflower Cleaning,,Front Royal,VA ,,
Valley Painting/Cash,,Front Royal,VA ,,
Kevin Fristoe,,Front Royal,VA ,,
Creative Touch Paint & Drywall,,Front Royal,VA ,,
Rogers Antiques,,Front Royal,VA ,,
Front Royal Volunteer Fire,221 N Commerce Avenue,Front Royal,VA ,,
G Fox Jr, Delmar,,Front Royal,VA ,
Wells Communications LLC,1103 Shadows Drive,Front Royal,VA ,,
Laura Greene Resources Inc,,Front Royal,VA ,,
D & H Heating & Cooling,206 S Commerce Avenue,Front Royal,VA ,,
Blue Ridge Motel,1370 N Shenandoah Avenue,Front Royal,VA ,,
Essential Fragrance CO,1460 Highridge Road,Front Royal,VA ,,
Andrew Coffron,,Front Royal,VA ,,
Hidden Fence Inc,306 N Royal Avenue,Front Royal,VA ,,
Ling, Trevor,480 S Commerce Avenue # F,Front Royal,VA ,
Justin M Bates,,Front Royal,VA ,,
Skyline Realty,,Front Royal,VA ,,
Larry's Auto Body,210 E 4th Street,Front Royal,VA ,,
Winchester Medical Center,320 N Royal Avenue,Front Royal,VA ,,
Warren County Fairgrounds,26 Fairground Road,Front Royal,VA ,,
Shy Contracting LLC,,Front Royal,VA ,,
Dunkin' Donuts,9886 Winchester Road,Front Royal,VA ,,
Welch's Cleaning Service,980 S Marshall Street,Front Royal,VA ,,
Thomas H Sayre Law Offices,222 E Main Street,Front Royal,VA ,,
Blue Ridge Hot Air Balloon,552 Milldale Hollow Road,Front Royal,VA ,,
,,,,,
,,,,,
,,,,,
,,,,,
,,,,,
,,,,,
,,,,,
,,,,,
,,,,,
,,,,,
,,,,,
,,,,,
,,,,,
,,,,,
,,,,,
,,,,,
,,,,,
,,,,,
,,,,,
,,,,,
,,,,,
,,,,,
,,,,,VA 
,,,,,
,,,,,
,,,,,
,,,,,
,,,,,
,,,,,
,,,,,
,,,,,
,,,,,
,,,,,
,,,,,
,,,,,
,,,,,
,,,,,
,,,,,
,,,,,
,,,,,
,,,,,
,,,,,
,,,,,
,,,,,
,,,,,
,,,,,
,,,,,
,,,,,VA 
